publisher-format (2),,,,,,,,,,,,,
URL,Status,First Name,Last Name,Email ,Phone,Note,Niche (Comma Seperated),Type (Comma Seprated),Traffic,RD,DA,Est Cost,Requirements
https://yourmoneysite.com/,,,,contactyourmoneysite@gmail.com,,,"news, check, manufacturing",press Release,,,26,,"https://yourmoneysite.com/write-for-us/
http://blog.apps-builder.com/write-for-us-about-mobile-marketing/
https://aepiphanni.com/guest-writer/
https://www.shoutoutuk.org/write-for-us/
https://pureplaystation.com/write-for-us/
https://www.realmanage.com/contribute?hsLang=en
https://jerseybites.com/write-for-jersey-bites/
https://www.cloudmanagementinsider.com/write-for-us/
https://www.mycloudhospitality.com/blog/hospitality-technology-write-for-us
https://www.theurbanist.org/contact-us/guest-posting/
https://tech-talk.org/write-for-us/
https://www.standingcloud.com/write-for-us
https://www.side.cr/write-for-us/
https://www.foreverblueshirts.com/contact/
https://www.sportstalkphilly.com/write-for-us.html
https://www.mbaskool.com/submit-or-suggest-article.html
https://www.posusa.com/write-for-us/
https://www.red-gate.com/simple-talk/write-for-us/
https://atulhost.com/write-for-us/
https://lastwordonsports.com/write-for-us/
https://webflow.com/blog-pages/write-for-us
https://insidesmallbusiness.com.au/contributors
https://www.ageofartists.org/join-us/become-contributer/
https://www.cloudfoundry.org/community/
https://www.investmentpedia.org/write-for-us/become-a-contributor-3/
https://factor8.com/friends-of-factor-8-contributor-program/
https://www.dojobali.org/blog/contributor/
https://www.altexsoft.com/become-a-contributor/
https://getaka.co.in/write-for-us-submit-article/
https://www.starthubpost.com/write-for-us/
https://launchhouse.com/guest-posting/
https://www.resolutets.com/write-for-us/
https://surveysparrow.com/write-for-us/
https://www.onlinecultus.com/write-for-us/
https://www.healthgrad.com/write-for-us/
https://digitaltippingpoint.com/submit-guest-post/
https://www.corporate-eye.com/main/write-for-us/
https://www.estateandmanor.com/write-for-us/
https://theeducatorsroom.com/submissions/
https://www.new-startups.com/write-for-us/
https://www.avenuecalgary.com/advertise/
https://utahpolicy.com/index.php/advertise
https://www.myjob.mu/advertise-a-job
https://columbiabusinessreport.com/contact-advertising/
https://www.everettpost.com/advertise-with-us
https://whatsoninvers.nz/advertise/
https://www.constructionnews.co.uk/advertise/
https://www.wishtv.com/advertise-with-us/
https://thebusinessjournal.com/advertise/
https://www.nevadabusiness.com/advertising/
https://www.stattimes.com/advertise-for-web/
https://www.dailytarheel.com/page/advertise
https://salmonbusiness.com/covid-19-outbreak-at-salmon-processor-halts-operations/
https://www.seatrade-maritime.com/advertise-seatrade-maritime-news
http://am1050.com/advertise/
https://wttmedia.com/sponsorship/
https://tbivision.com/advertise-with-us/
https://www.djournal.com/site/advertise.html
https://www.caterer.com/recruiters?INHSE=JSHP_Footer_Recruiter_AdvertiseAJob
https://bestmediainfo.com/category/mediainfo/advertising/
https://www.constructionenquirer.com/advertise/
http://www.producenews.com/how-to-advertise
https://www.businessnews.lk/2020/10/29/east-container-terminal-inaugurates-for-operations/#
http://recruiters.efinancialcareers.com/hk/contact-us/?_ga=2.60044393.579927502.1604044562-790275732.1604044562
https://www.fedhealthit.com/wp-content/uploads/2016/10/2020-Media-Kit.pdf
https://www.wbjournal.com/info/advertise-with-us
https://subtelforum.com/advertise-with-us/
https://www.heraldgoa.in/Advertisement
https://campaignme.com/advertise-with-us/
https://cityservices.endeavorb2b.com/aviationpros-home/
https://www.valdostadailytimes.com/site/advertise-with-us.html
http://www.fnbnews.com/Advertise.aspx
https://www.altenergymag.com/advertise.php
https://sasktrucking.com/wp-content/uploads/2020/02/2020-Sponsorship-Package-Website-Version.pdf
https://www.pharmexec.com/sponsored-podcasts
https://www.miningglobal.com/contact_us
https://english.jagran.com/advertise-withus
https://www.theactuary.com/2020/02/24/advertise-us
https://www.cmmonline.com/advertise
https://solutions.foodbeverageinsider.com/
https://networldmediagroup.com/PMC-advertise/
https://www.indeed.com/q-Advertise-Drawing-jobs.html
https://www.bellmedia.ca/advertising-sales/
https://nrf.com/nrf-sponsorship-opportunities
https://usa.visa.com/about-visa/sponsorships-promotions.html
http://www.nz.com/advertising/
https://biv.com/advertise
https://www.kabbage.com/partner/
https://www.mintegral.com/en/advertiser/
https://www.noticebard.com/advertise/
https://parking.uark.edu/transit-services/transit-operations/advertise-with-us.php
https://indifoodbev.com/advertise/
https://fuelsmarketnews.com/advertise/
https://www.metalformingmagazine.com/advertise/
https://ispe.org/pharmaceutical-engineering/about/advertise
https://www.industrialautomationindia.in/advertisements
http://federal.governmentcareer.com.au/advertise
https://industrytoday.com/newsletter/
https://www.builtinla.com/company/advertise-purple
https://recruiter.pharmiweb.jobs/
https://www.leadsquared.com/partners/
https://www.customercontactweekdigital.com/advertise-with-us
https://www.businessballs.com/sales-and-marketing/advertising-tips-and-secrets/
https://www.jpimedialocal.co.uk/articles/step-1-make-yourself-heard/how-to-advertise-after-lockdown-ends/
https://www.truity.com/career-profile/advertising-and-promotions-manager
https://www.updazz.com/c/advertising---content---design-jobs-10.html
https://in.fashionnetwork.com/stats/
http://partner.monster.com/
http://www.babcox.com/brand/professional-carwashing-detailing/
https://www.thepacker.com/advertise
http://apsfl.in/clients-partners/
https://www.hubspot.com/partners?_conv_v=vi%3A1*sc%3A2*cs%3A1604054095*fs%3A1603968011*pv%3A6*exp%3A%7B%7D*ps%3A1603968011&_conv_v=vi%3A1*sc%3A2*cs%3A1604054095*fs%3A1603968011*pv%3A6*exp%3A%7B%7D*ps%3A1603968011&_conv_s=si%3A2*sh%3A1604054095385-0.36269764563229656*pv%3A1&_conv_s=si%3A2*sh%3A1604054095385-0.36269764563229656*pv%3A1
https://edkentmedia.com/partnership-program/
https://marketing.bdaily.co.uk/collections
https://www.lynnnews.co.uk/advertise-with-us/
https://themonroesun.com/promote-your-business-on-the-sun/
https://www.estevanmercury.ca/advertise
https://www.marshallindependent.com/advertise/
https://www.preecevilleprogress.com/advertise
https://www.post-journal.com/advertise/
https://www.prpeak.com/advertise
https://www.greater.jobs/advertise-with-us/
https://everythinggp.com/advertise-with-us/
https://www.jpimedia.co.uk/advertising-terms-conditions/?ref=SHES
https://www.mysaline.com/advertise/
https://allwork.space/advertise-with-us/
https://recruiters.insidehousing.co.uk/
https://fsae.memberclicks.net/assets/docs/FSAE-Media-Kit.pdf
https://www.careerpointkenya.co.ke/advertise/
https://recruiters.timewisejobs.co.uk/
https://www.milkround.com/recruiters?INHSE=JSHP_Footer_Recruiter_AdvertiseAJob
https://www.ziprecruiter.in/sponsoredreach
https://app.remoteweekly.cc/sponsor/?ref=app
https://www.operationscrossing.com/lcadvertise.php
https://www.firstpracticemanagement.co.uk/gp-practice-manager-jobs-and-recruitment/how-to-advertise-a-practice-manager-vacancy/
https://www.allaboutcareers.com/about-us#advertise
https://en.jobs.lu/recruiters/
https://www.ethicaljobs.com.au/advertise
https://recruiters.wmjobs.co.uk/
https://www.retailchoice.com/recruiters/job-ad/product/stdcredits?RHP=main_CTA_right&INHSE=JSHP_Footer_Recruiter_AdvertiseAJob
https://www.reed.co.uk/courses/providers/
https://www.jobs.ie/recruiters/
https://recruiters.insurancejobs.co.uk/
https://supplychainonline-rs.madgexjb.com/
https://nodesk.co/advertise/
https://www.mightyrecruiter.com/job-posting-partners/
https://www.nijobs.com/recruiters/
https://www.timesascent.com/contactUs
http://recruiter.monsterindia.com/v2/introduction.html
https://business.newsbreak.com/
https://recruiters.newscientist.com/en-au/?_ga=2.65635246.1685670590.1604136738-1191431432.1604136737
https://www.piworld.com/advertising-info/
https://www.sc.edu/uofsc/announcements/posts/2020/10/racial_trauma_workshop.php#.X50wuogza8k
https://www.linkup.com/details/cae1cd813fde1814cb1cf26b791b64af
https://www.wraltechwire.com/advertise-with-us/
https://www.foodnewsmedia.com/media-kit/login
https://reutersevents.com/events/pv-usa/sponsor-index.php
https://hondanews.com/en-US/releases/honda-to-sponsor-2019-national-urban-league-conference
https://www.rockdalenewtoncitizen.com/site/contact.html
https://www.njawwa.org/page/20202021OpenSponsors
https://exclusivenews.co.in/fc-goa-joins-hands-with-adda52-rummy-as-title-sponsor-and-deltin-as-associate-sponsor-for-2019-20-season/
https://taranakirescue.org.nz/about/#
https://www.anaplan.com/partners/
https://www.linklaters.com/en/legal-notices/attorney-advertising
https://www.africabfsi.com/sponsor.html
https://www.digitalanalyticsassociation.org/Files/Docs/DAA_Symposia_Sponsorship_Prospectus_-v08.pdf
https://my805tix.com/events/2018-central-coast-economic-forecast-business-level
https://www.disabledperson.com/our-partners
https://www.businesswire.com/news/home/20110317005854/en/SmartOps-to-Sponsor-MIT-Sloan%E2%80%99s-Operations-Simulation-Competition
https://chss.kennesaw.edu/csj/student-opportunities/sponsor-student-opportunities.php
https://www.indiaretailing.com/advertise-with-us/
https://www.controlsdrivesautomation.com/AdvertiserArea
https://www.insidesport.co/advertisement/
https://empirestartups.com/sponsors/
https://www.abdindia.com/news-and-media/2017/allied-blenders-ties-up-with-mi-dd-as-associate-sponsor-the-hindu-business-line/
https://apparelresources.com/advertising/
https://retail.economictimes.indiatimes.com/contact_us.php
https://stripe.com/en-in/partners/apps-and-extensions
https://jilt.com/guest-writing/
https://thewholebraingroup.com/guest-blogging/
http://businessoflawblog.com/guest-post-to-the-business-of-law/
https://intelligentproduct.solutions/guest-blogger-program/
https://blog.crunched.io/blog/guest-contribution
https://www.visiolending.com/blog/how-to-submit-a-guest-blog-post-to-visio
https://www.switchbazaar.com/blog/submit-a-guest-post-at-switchbazaar-blog/
https://blog.bqool.com/responsibilities-amazon-virtual-assistants/
https://www.cmswire.com/about-us/submission-guidelines/
https://powell-software.com/en/become-a-partner/
https://www.woculus.com/become-a-contributor/
https://workalpha.com/contact/
https://magazine.startus.cc/10-simple-rules-communication-co-workers/
https://generalleadership.com/register-to-become-a-contributor-to-generalleadership-com/
https://www.thedigitaltransformationpeople.com/become-an-author/
https://www.diversitynetwork.org/page/Become_Contributor
https://careersblog.uts.edu.au/careers/contribute
https://untoday.org/become-a-contributor/
https://www.chanty.com/write-for-us.html
https://25yearslatersite.com/write-for-us/
https://diversityq.com/write-for-us/
http://www.workinentertainment.com/blog/guidelines/
https://followerofone.org/write-for-follower-of-one-2/
http://the-happy-manager.com/write-for-us/
https://wparena.com/write-for-us/
https://www.revechat.com/write-for-us/
https://www.cultureandlanguage.net/write-for-us
https://societyforpsychotherapy.org/mission/our-website/
https://generocity.org/contributor-form?utm_source=footer&utm_medium=text
https://neuronline.sfn.org/write-for-us
https://sensiblebusinessmen.com/write-for-us/
https://www.futureofeverything.io/contribute
https://lnreview.co.uk/write-for-us/
https://www.vandelaydesign.com/write-for-us/
https://introvertwhisperer.com/write-for-us/
https://www.bepublishing.com/about-us/write-for-us/
http://psychlearningcurve.org/write-for-us/
https://everydaypower.com/write-for-us/
https://simpleprogrammer.com/write-for-us/
https://leanforward.hms.harvard.edu/write-for-us/
https://creately.com/blog/write-for-us/
https://ponbee.com/write-for-us/
https://bestinau.com.au/contributor-guest-post/
https://www.opensourcedworkplace.com/contribute
https://embedsocial.com/blog/submit-guest-post/
https://www.zeolearn.com/magazine/write-for-us
http://www.trainerhangout.com/guest-posting/
https://www.weekly10.com/write-for-us/
https://www.murach.com/about-us/write-for-us
https://www.thewellnesssociety.org/write-for-us/
https://blog.teamtreehouse.com/want-to-write-for-think-vitamin
https://www.pcpci.org/blog/developing-effective-policies-and-procedures-healthcare-organizations
https://www.childcarebizhelp.com/about-us/write-for-us/
https://admissions.blog/write-for-us/
https://federalnewsnetwork.com/advertise-on-federal-news-network/
https://www.theretailbulletin.com/about-us/#advertise
https://www.nijobfinder.co.uk/advertise-a-job/
https://www.winchesterstar.com/site/forms/online_services/how_to_advertise_with_us/
https://www.securitymagazine.com/advertise
https://chainstoreage.com/advertise
https://ukinvestormagazine.co.uk/advertise-with-us/
https://ohsonline.com/pages/media-kit.aspx
https://www.gonpta.com/page/Advertise
https://www.officedepot.com/cm/marketing/office-depot-advertising-solutions?cm_sp=FooterLinks--_Company-info_--AdvertiseWithUs
https://telecomreseller.com/advertise-form/
https://jobsearch.gov.au/employers/job
https://www.landscapenetworkmediakit.com/
https://dribbble.com/advertise
https://groupgti.com/employers
https://cleanfax.com/advertise/
https://auto.economictimes.indiatimes.com/contact_us.php
https://www.naturalhr.com/partners/
https://www.cda.org/Home/About/Advertise-and-Sponsor
https://fonolive.com/contact-us
https://www.paycor.com/partners
https://peoplemanagement.haymarketrecruitment.com/pricing/
https://www.rmit.edu.au/rese
https://www.simplermedia.com/
https://citrushr.com/partners/
https://www.progressivecattle.com/site/advertising/advertise
https://corporate.indiamart.com/advertise-with-indiamart/
https://www.nexcess.net/partners/
https://www.valamis.com/company/partners
https://www.forgov.qld.gov.au/do-i-need-to-advertise-job-vacancy
https://hr.studentlife.uiowa.edu/managers-and-supervisors/hr-eforms/printable
https://getsling.com/sling-partner-program/
https://www.employment.govt.nz/starting-employment/hiring/advertising-the-job/
https://www.peninsulagrouplimited.com/blog/pros-cons-advertising-internally/
https://www.bdbpitmans.com/insights/is-there-a-legal-requirement-to-advertise-every-job-vacancy/
https://www.business.govt.nz/hiring-and-managing/hiring-people/advertising-and-interviewing/
https://www.workable.com/partners
https://resources.workable.com/tutorial/best-way-advertise-job-openings-on-social
https://www.glassdoor.com/employers/our-products/employer-branding/
https://www.smartrecruiters.com/recruiting-software/marketplace/
https://www.enterpriseitworld.com/advertise-with-us/
https://gethppy.com/sponsors-and-partners
https://www.fsrmagazine.com/content/contact-us
https://www.humanresourcesonline.net/advertise
https://www.bls.gov/ooh/management/advertising-promotions-and-marketing-managers.htm
https://www.cv-library.co.uk/advertising-reach
https://content.wisestep.com/best-places-advertise-job-find-best-employee/
https://www.encompasshealth.com/partner-with-us
https://www.southeasttech.edu/partner-with-us/sponsor-scholar.php
https://partners.bamboohr.com/
https://www.peoplemanagement.co.uk/experts/legal/check-sponsor-licence-expiry-date-avoid-home-office-penalties
https://www.agilebusiness.org/page/Partners
https://www.atlassian.com/partners
https://whatis.techtarget.com/about/advertising
https://www.wildapricot.com/articles/how-to-get-sponsorship
https://solarity.com/how-important-is-an-effective-executive-sponsor-to-a-projects-success/
https://www.fahr.gov.ae/Portal/en/about-fahr/initiatives/hr-club/become-sponsor.aspx
https://inforum.infor.com/sponsor-details-2019/
https://www.kingsleynapley.co.uk/our-people
https://www.lawbite.co.uk/partner/types-of-partnership
https://www.projectsmart.co.uk/being-a-project-sponsor-means-championing-a-cause.php
https://www.fragomen.com/attorney-advertising
https://iasservices.org.uk/sponsorship-licences-and-visa-sponsorship/
https://www.gherson.com/blog/sponsor-licences-what-are-they
https://www.randstadrisesmart.com/blog/how-get-executive-sponsorship-support-new-programs-hr
https://learn.marsdd.com/article/clinical-trials-sponsors-and-sponsor-investigators/
https://www.consultancy.com.au/partners
https://latitudelaw.com/business-immigration/sponsor-licensing/
https://migrate-uk.com/sponsoring-workers/
http://www.eiminstitute.org/sponsor-eimi
https://learn.wrike.com/partners/
https://www.infotech.com/partners
https://www.gov.uk/uk-visa-sponsorship-employers/your-responsibilities
https://www.scopidea.com/blog/role-challenge-project-sponsor.html
https://www.hrmagazine.co.uk/advertising
https://www.manns-solutions.com/become-our-partner/
https://www.cbw.co.uk/2020/10/sponsor-licences-in-the-new-immigration-system/
https://www.freemovement.org.uk/tag/sponsor-licence/
https://www.employmentinnovations.com/knowledge-base-hr/legal/obligations-as-a-business-sponsor/
https://documentation.its.umich.edu/node/255
https://smithstonewalters.com/2020/05/14/tier-2-sponsor-licence-key-personnel-roles-explained/
https://www.sponsor.com/sponsorship/
https://www.cgsinc.com/blog/why-it-s-important-for-ld-to-have-sponsor-from-c-suite
https://www.hg.org/legal-article-submission.asp
https://immigrationbarrister.co.uk/business-immigration/sponsor-licences/
https://brodies.com/insights/employment-and-immigration/top-6-tips-for-applying-for-a-sponsor-licence/
https://altvia.com/executive-sponsor-for-private-equity-software/
https://ichgcp.net/5-sponsor
https://www.prosci.com/about/global-partners
https://www.truthlegal.com/legal-guides/the-ultimate-guide-to-applying-for-a-tier-2-sponsor-licence/
https://citylegalservices.co.uk/business-immigration/sponsor-licence-compliance/sms-management/
https://www.redfernlegal.com/practice-areas/business-and-family-immigration/tier-2-sponsor-licence/
https://www.davidsonmorris.com/tier-2-sponsor-guidance/
https://www.complygate.co.uk/tier-2-sponsor
https://workpermit.com/immigration/united-kingdom/tier-2-sponsor-licence-application-how-apply
https://wuzzuf.net/partners
https://www.startribunecompany.com/contact-us/#advertising_sales
https://www.bit.com.au/page/advertising
https://www.cozi.com/advertising-opportunities/
http://recruiters.efinancialcareers.com/us/contact-us/?_ga=2.102441026.2129025540.1604292456-620225670.1603258267
https://www.chieflearningofficer.com/media-kit/
https://cityservices.endeavorb2b.com/officer/
https://www.hearstmediasa.com/?_ga=2.13431678.815550648.1604292498-1192257473.1604292487
xbreezy.hr/partners
https://www.prnewsonline.com/prn-media-kit/
https://1105ecg.com/pages/redmond.aspx
https://contentmarketinginstitute.com/about/advertise/
https://creativesfeed.com/privacy-policy/
https://education.hootsuite.com/courses/advanced-social-advertising-exam
https://novobrief.com/advertise/
https://www.discovercloud.com/campaign
https://www.projectmanagerjobs.co.uk/info/advertise-a-job
https://www.docker.com/partners
https://www.themanufacturer.com/advertise/
https://saaslist.com/advertise/
https://www.softwareadvice.com/advertising-agency/#buyers-guide
https://geekflare.com/advertise/
https://en-gb.facebook.com/business/help?ref=fbb_ens
https://www.creativebloq.com/features/advertising
https://digitalagencynetwork.com/advertise-on-dan/
https://project-management.com/advertise/
https://www.gartner.com/en/digital-markets/get-started?utm_source=Capterra&utm_medium=Website&utm_campaign=Capterra_Estimate_Redirect
https://www.kioware.com/partners.aspx
https://www.rigzone.com/mediakit/
https://cv.endeavorb2b.com/fleet-owner/
https://apexassembly.com/sponsorspotlight-cio-central-virtual-summit-november
https://myedmondsnews.com/we-love-our-advertisers/
https://telecom.economictimes.indiatimes.com/contact_us.php
https://brandequity.economictimes.indiatimes.com/news/advertising
https://service.prweb.com/about/partners/
https://www.italliance.com/sponsors-listing/
https://www.hydrocarbonprocessing.com/pages/advertising-information
https://epc-hub.com/#sponsorship
https://analytics.ncsu.edu/?page_id=2874
https://www.copperproject.com/partners/
https://pages.semanticscholar.org/data-partners
https://www.telecom-sudparis.eu/en/become-a-corporate-sponsor/
https://insights.ehotelier.com/submit-an-article/
https://angel.co/company/sponsormyclub
https://www.workfront.com/partners
cimdata.com/en/education/plm-conferences/2018-plmrmeurope-pdt/2018-plmrmeurope-pdt-sponsors
https://brettterpstra.com/sponsorship/
https://careers.covance.com/global/en/job/53169/Clinical-Trial-Assistant-Finance-sponsor-dedicated
https://www.matrixmanagementinstitute.com/blog/dont-forget-project-sponsor/
https://workep.com/partners.html
https://www.globalknowledge.com/us-en/company/partner/
https://sdm.mit.edu/industry-employers/sponsor-employees-research-projects/sdm-core-integrated-team-projects/
https://www.arraspeople.co.uk/camel-blog/pm-leadership/how-to-work-effectively-with-your-project-sponsor/
https://www.easyprojects.net/partner-program/
https://www.iso-ne.com/participate/applications-status-changes/qtps-application-annual-certification/
https://www.cvent.com/en/become-partner
https://dtw.tmforum.org/sponsor-exhibit-2/
https://wiki.optimy.com/category/advertising/
https://www.ted.com/participate/organize-a-local-tedx-event/community-resources/tools-how-to-s/sponsor-marketplace
https://www.pharmtech.com/view/project-management-and-cmo-sponsor-relations
https://www.cprime.com/resource/case-study/case-study-jira-service-desk-implementation-at-the-trade-desk/
https://congrex.com/blog/event-sponsorship-benefits-business/
https://www.capacitymedia.com/advertise
https://dailyremote.com/sponsorship
https://wptavern.com/eslint-maintainers-share-challenges-of-funding-open-source-utilities-through-sponsorship
http://free-job-descriptions.com/sponsorship-account-manager/4561037321
https://www.mscsoftware.com/Technology-Partners/Performance-Partners
https://www.isaca.org/training-and-events/sponsorship-opportunities
https://www.slideserve.com/cole-rose/project-sponsorship
https://paltc.org/job-board/exhibits-and-sponsorship-manager
https://www.workopolis.com/jobsearch/visa-sponsorship-jobs/canada?job=szbtXjOhb6B4kGH0REoulbjoZakJWH8TCfm5UuNnPybJb0Bs13SsBA
https://www.shutterstock.com/search/sponsorshi
https://www.jotform.com/partnership/
https://link.springer.com/article/10.1057/jit.2008.23?shared-article-renderer
https://www.3ds.com/partners/
https://blog.iil.com/tag/project-sponsorship/
https://blog.prosci.com/3-reasons-executives-fail-at-sponsorship
https://www.silvercloudhr.co.uk/project-sponsorship-six-pitfalls-to-avoid/#
https://apply.surveymonkey.com/solutions/sponsorships/
https://jobs.smartrecruiters.com/FreeTheChilden/85102916-coordinator-sponsorship-activation
https://www.apache.org/foundation/sponsorship.html
https://back2back.org/career/child-sponsorship-coordinator-india/
https://regoconsulting.com/pmo-sponsorship-changes-everything/
https://www.quickbase.com/blog/project-sponsorship-101
https://thelazyprojectmanager.wordpress.com/tag/strategies-for-project-sponsorship/
https://www.fox34.com/story/42228286/exhibitday-launches-event-sponsorship-management-toolkit-for-conference-sponsors/
https://sponsorship.org/qualifications/
https://www.cadmiumcd.com/cadmiumcd/new/partners/
https://events.grenadine.co/event-planning-software/event-planning-tips/toolbox-sponsorship-forms/
https://www.vanharen.net/blog/successful-project-sponsorship-a-time-saver-for-the-busy-executive/
https://uit.stanford.edu/service/sponsorship
https://medevel.com/sponsorship/
https://github.com/sponsors
https://apmg-international.com/partners
https://ultraconsultants.com/erp-software-blog/erp-executive-sponsorship/
https://altairuniversity.com/sponsorship-competitions/
https://www.zoho.com/backstage/manage-sponsorships.html
https://www.getapp.com/nonprofit-software/a/optimy/
https://www.villanovau.com/resources/project-management/why-your-project-needs-executive-sponsorship/
https://www.amazon.com/Project-Sponsorship-Essential-Sponsoring-Organizations/dp/0566088886
https://www.hellosponsor.com/
https://onlinepmcourses.com/rogue-project-sponsor/
https://www.donor.com/pledge-and-sponsorship-software
https://www.socialtables.com/blog/event-planning/ways-to-attract-sponsors/
https://www3.technologyevaluation.com/sd/category/event-management/Features/sponsorship-management
https://www.projectmanager.com/blog/lead-your-project-sponsor
https://www.wrike.com/blog/successful-project-sponsorship/
https://www.24-7pressrelease.com/press-release/473288/exhibitday-announces-free-sponsorship-tracking-and-management-tools-for-conference-sponsors
https://www.cabinetm.com/product/optimy/sponsorship-management-software
https://www.optimy.com/sponsorship-management/
https://www.gristprojectmanagement.us/
https://corasystems.com/blog/role-and-responsibilities-of-a-project-sponsor/
https://www.macstories.net/sponsored/ticktick-your-lightweight-all-in-one-task-manager-sponsor/
https://www.praxisframework.org/en/resource-pages/the-sponsor-manager-relationship
https://meisterplan.com/blog/what-is-a-project-sponsor/
https://www.henricodolfing.com/2019/05/how-to-be-a-great-executive-project-sponsor.html
https://www.mpug.com/the-pmo-as-the-project-sponsor/
https://www.enr.com/topics/67-sponsored-content
https://stockhouse.com/corporate/advertising
https://directlauncher.com/advertise-with-us/
https://www.ipe.com/print-advertising-rates-and-specifications
https://www.morningstar.com/news/business-wire/20201102005666/online-survey-software-market-to-grow-faster-in-apac-and-south-america-through-2024-technavio
https://www.proactis.com/us/company/news/2020/january/proactis-to-present-keynote-sessions-at-eworld/
https://www.validity.com/return-path-to-sponsor-at-etail-canada/
https://www.adobe.com/max/2020/sponsors.html
https://www.industrialinfo.com/advertise/
https://www.kinematik.com/news-events/kinematik-to-sponsor-opentext-enterprise-world-2014
https://www.logisticsit.com/articles/2007/07/18/2951-ssi-to-sponsor-first-fresh-produce-category-at-2007-food-manufacture-excellence
https://www.salesleadmgmtassn.com/article.cfm?id=396
https://www.atmia.com/connections/sponsors/
https://www.sehinc.com/news/where-your-career-going-would-you-mentor-advocate-sponsor
https://blog.hubilo.com/companies-approach-event-sponsorship/
https://assets.publishing.service.gov.uk/government/uploads/system/uploads/attachment_data/file/924528/2020-10-01_Tier-2-5-sponsor-guidance_Oct-2020.pdf
https://immi.homeaffairs.gov.au/visas/employing-and-sponsoring-someone/sponsoring-workers/nominating-a-position/labour-agreements
https://agentismanagement.com/case-study-sponsorship-development
https://www.clinicalleader.com/doc/media-kit-request-0002
https://thedigitalprojectmanager.com/sponsorship-advertising/
https://mattgemmell.com/sponsor-stack/
kioware.com/partners.aspx
https://usgbc.cventevents.com/event/67e74012-f45c-4f6d-9257-e0799ac36a3b/websitePage:34758b1b-f497-4481-96b3-58e2fcd7c45c?creative=476379047030&keyword=sponsor%20event&matchtype=b&network=g&device=c&gclid=CjwKCAiA-f78BRBbEiwATKRRBHtP451wHipsWZNbQVKebJ3PvxQc3xf7tuGuL0drKxAGmdYBanfypxoC-4EQAvD_BwE
https://conferences.shrm.org/exhibit-or-sponsor?_ga=2.198219887.1951458082.1604305063-1279819375.1603971001
https://pmineo.org/sponsors/overview-sponsors
https://www.computerweekly.com/about/advertising
https://www.sagitec.com/pension-software-company/press-releases/sagitec-diamond-sponsor-at-the-2019-naswa-workforce-summit
https://www.wpi.edu/academics/departments/data-science/graduate-qualifying-project/sponsor-perspectives
https://starwest.techwell.com/expo/conference-sponsor-level/silver-sponsor
https://galvestonsownfarmersmarket.com/donate-sponsor
https://www.smallpeice.com/BrowserPage.aspx?type=group&id=61
https://jobs.iqvia.com/job/reading/associate-clinical-project-management-director-for-cns-sponsor-dedicated/24443/16319174
https://www.archimetric.com/project-initiator-vs-project-sponsor-project-management/
https://www.construction-institute.org/resources/knowledgebase/project-functions-or-roles/project-business-sponsor
https://mymanagementguide.com/project-sponsor-indentifying-project-sponsor-role-and-responsibilities/
https://www.businesstimes.com.sg/banking-finance/ants-lead-ipo-sponsor-cicc-jumps-44-in-debut
https://developer.nationwide.com/partnership
https://www.printingnews.com/events/sgia-expo/press-release/21145971/printing-united-alliance-the-printing-united-digital-experience-wraps-up-the-first-week-with-remarkable-global-participation-and-viewership
https://www.sdmmag.com/advertise
https://www.prosoundweb.com/sponsors/
https://www.bignewsnetwork.com/news/266853545/bcci-announces-jio-as-title-sponsor-for-2020-women-t20-challenge
https://www.itprotoday.com/advertise-itprotodaycom
https://thinkrealty.com/sponsorship/
https://virtual-strategy.com/2020/10/31/light-renews-as-silver-sponsor-for-gnex-2021-conference/
https://prnewsleader.com/uncategorized/1468255/financial-sponsor-syndicated-loans-market-trends-regulations-and-competitive-landscape-outlook-to-2020-2026/
https://writetodone.com/guest-posts-guidelines/
https://seo-hacker.com/guest-post/
https://blog.issart.com/guest-post-guidelines/
https://beanstalkwebsolutions.com/blog/guest-post-guidelines/
https://couplemoney.com/write-for-cm/
https://www.hiringthing.com/guest-blog-guidelines
https://writershelpingwriters.net/guest-post-policy/
https://aquilacommercial.com/write-for-aquila/
https://neatly.io/guest-post-guidelines/
https://www.ictworks.org/guest-post-guidelines/#.X6ENiIgzaM8
https://www.bigapplemedia.com/guest-blog/
https://www.uniwebb.com/technology-guest-blog-guidelines/
https://blog.ganttpro.com/en/guideline-to-submit-a-guest-post-for-ganttpro/
https://ipadinsight.com/guest-posts/
https://drive.google.com/file/d/1dw3MapsS05ONGsNKdMNbcWj0L8R4Bzym/view
https://www.foundersbeta.com/submit-guest-post/
http://www.rogeriodasilva.com/guest-post-submition/
https://www.cloudsecuretech.com/write-for-us/
https://www.verblio.com/contact
https://newspapers.ushmm.org/blog/2017/04/18/guest-post-research-tips-from-the-trenches/#
https://bloomingtonin.citymomsblog.com/partner-with-us/submit-a-guest-post/
https://serpstat.com/blog/how-to-submit-a-guest-post-to-serpstat-blog/
https://www.fairwaydivorce.com/blog/submit-a-blog-post
https://www.ismartrecruit.com/write-for-us
https://marquimanagement.com/info/company/culture/write-for-us-a-new-guest-posting-opportunity/
http://blog.maestroconference.com/write-for-us/
https://quoracreative.com/Info/write-for-us
https://www.paldesk.com/guest-bloggers/
https://divvyhq.com/write-for-us-2/
https://smartyads.com/write-for-us
https://expresswriters.com/write-blog/
https://www.springernature.com/gp/macmillaneducation/work-with-us
https://technode.com/write-for-us/
https://www.tristarsavannah.com/guest-post-guidelines/
https://www.proprofs.com/c/write-for-us/
https://magnetoitsolutions.com/write-for-us
https://seomator.com/blog/write-for-us
https://www.andcards.com/blog/write-for-us/
https://www.freeconferencecall.com/blog/write-for-us
https://www.birdsofafeatherpress.com/write-for-us/
https://50wheel.com/write-for-50wheel/
https://rattlenhumbarnyc.com/write-for-us/
https://thestartingidea.com/write-for-us/
https://sparkbay.com/en/culture-blog/write-for-us-8000
https://www.pontikis.net/write-for-us
https://www.liquor.com/about-us-4782181#write-for-us
https://themindfulmdmom.com/write-for-us/
https://www.unite.ai/write-for-us/
https://celebmix.com/write-for-celebmix/
https://swat.io/en/guest-post-guidelines/
https://www.swordandthescript.com/pitches-read-me/
https://adventureforlessblog.com/
https://www.vtcrc.com/news/not-your-average-research-blog-for-october-28-2019-vtcrcblog-looking-for-guest-blog-posts/
https://clippingpathindia.com/blogs/tips/want-to-write-for-us-here-s-how-to-submit-your-guest-post
https://meldcoworking.com/guest-posting-guidelines/
https://www.nostomachforcancer.org/news/patient-and-family-stories/guest-post-guidelines
https://leavingworkbehind.com/your-story/
https://angelsbailbonds.com/contribute-write-for-us/
https://management30.com/blog/creating-team-agreements-for-your-remote-team/
https://www.livingrefugeearchive.org/blog/guest-post-guidelines/
https://www.a3logics.com/write-for-us
https://nebigdatahub.org/guest-post-guidelines/
https://www.bostonmedicalgroup.com/contribute-write-for-us/
https://theboxzone.com/contribute-write-for-us/
https://userbrain.net/blog/userbrain-guest-post-guidelines
https://motivationgrid.com/write-for-us/
https://www.sitepoint.com/write-for-us/
https://ivannovation.com/write-for-us/
http://www.fulfillmentdaily.com/write-us/
6folkrebellion.com/write-for-us
https://www.best10resumewriters.com/write-for-us-article-submission-guidelines/
https://corporatecareergirl.com/contribute/
https://www.attorneyatwork.com/writing-guidelines/
https://highlysensitiverefuge.com/write-for-us/
https://www.goalcast.com/write-for-us/amp/
http://www.renewableenergyfocus.com/view/33955/want-to-write-for-renewable-energy-focus/
5realpython.com/write-for-us/
https://workbloom.com/contact-us
https://thriveglobal.com/stories/becoming-a-thrive-global-contributor/
https://contributors.dissolve.com/apply
https://www.agefotostock.com/become-a-contributor/
https://dashboard.clippn.com/become-contributor-form?hsCtaTracking=14174742-b860-4d6a-94a6-29bf38cbfb7f%7C400e55d2-e438-424e-bcd9-51b4aa37ec43
https://www.vunela.com/becoming-vunela-contributor/
https://www.lanewaymagazine.com.au/become-a-contributor/
https://www.productionhub.com/blog/contribute
https://www.boisestate.edu/saem/student-life-contributor-request/
http://www.engineering.com/Home/BecomeaContributor.aspx
https://nextstepsinderm.com/contributor/
https://photographingspace.com/write-for-photographingspace-com/
https://italicsmag.com/become-a-contributor/
https://www.vault.com/blogs/write-a-guest-post
https://timemanagementninja.com/guest-post/
https://www.easyautomatedsales.com/submit-guest-post/
https://www.tckpublishing.com/guest-post-guidelines/
https://www.greenbuildermedia.com/submit-a-guest-blog-post
https://ethicalocean.com/write-for-us/
https://ranktoday.com/guest-post/
http://www.lovinglittles.com/submit-guest-post-2/
https://churchofcustomer.com/write-for-me/
https://blog.namely.com/contribute
http://marinesciencetoday.com/submit-a-guest-post/
https://neshco.org/blog/f/maintain-a-hipaa-compliant-digital-strategy-for-patient-communica
https://www.lessismoremedicine.com/blog?offset=1445015580000






































"
http://blog.apps-builder.com/,,,,info@apps-builder.com,,,,,,,56,,
https://aepiphanni.com/,,,,,,,,,,,28,,
https://www.shoutoutuk.org/,,,,,,,,,,,52,,
https://pureplaystation.com/,,,,chris.harding@pureplaystation.com,,,,,,,51,,
https://www.realmanage.com/,,,,Info@RealManage.com,,,,,,,36,,
https://jerseybites.com/,,,,info@jerseybites.com,,,,,,,47,,
https://www.cloudmanagementinsider.com/,,,,,,,,,,,24,,
https://www.mycloudhospitality.com/,,,,harvey@mycloudhospitality.co.uk,,,,,,,31,,
https://www.theurbanist.org/,,,,,,,,,,,55,,
https://tech-talk.org/,,,,editor@business-fundas.com,,,,,,,25,,
https://www.standingcloud.com/,,,,contact@yoursite.com,,,,,,,40,,
https://www.side.cr/,,,,sidecar@agree.net,,,,,,,65,,
https://www.foreverblueshirts.com/,,,,,,,,,,,37,,
https://www.sportstalkphilly.com/,,,,sportstalkphilly@gmail.com,,,,,,,38,,
https://www.mbaskool.com/,,,,mbaskool@gmail.com,,,,,,,50,,
https://www.posusa.com/,,,,news@posusa.com,,,,,,,28,,
https://www.red-gate.com/,,,,blog@red-gate.com,,,,,,,69,,
https://atulhost.com/,,,,contact@atulhost.com,,,,,,,43,,
https://lastwordonsports.com/,,,,,,,,,,,66,,
https://webflow.com/,,,,,,,,,,,73,,
https://insidesmallbusiness.com.au/,,,,isb@summitpublishing.com.au,,,,,,,47,,
https://www.ageofartists.org/,,,,contact@ageofartists.org,,,,,,,21,,
https://www.cloudfoundry.org/,,,,cf-dojo@cloudfoundry.org,,,,,,,61,,
https://www.investmentpedia.org/,,,,,,,,,,,22,,
https://factor8.com/,,,,info@factor8.com,,,,,,,31,,
https://www.dojobali.org/,,,,,,,,,,,45,,
https://www.altexsoft.com/,,,,marketing@altexsoft.com,,,,,,,49,,
https://getaka.co.in/,,,,wnergetaka@gmail.com,,,,,,,23,,
https://www.starthubpost.com/,,,,starthubpost@gmail.com,,,,,,,31,,
https://launchhouse.com/,,,,editor@launchhouse.local,,,,,,,43,,
https://www.resolutets.com/,,,,,,,,,,,31,,
https://surveysparrow.com/,,,,support@surveysparrow.com,,,,,,,39,,
https://www.onlinecultus.com/,,,,cultus@onlinecultus.com,,,,,,,25,,
https://www.healthgrad.com/,,,,editor@healthgrad.com,,,,,,,36,,
https://digitaltippingpoint.com/,,,,INFO@DIGITALTIPPINGPOINT.COM,,,,,,,34,,
https://www.corporate-eye.com/,,,,lucy.nixon@corporate-eye.com,,,,,,,47,,
lucy.nixon@corporate-eye.com,,,,contact@estateandmanor.com,,,,,,,20,,
https://theeducatorsroom.com/,,,,info@theeducatorsroom.com,,,,,,,52,,
https://www.new-startups.com/,,,,,,,,,,,40,,
https://www.avenuecalgary.com/,,,,advertising@avenuecalgary.com,,,,,,,53,,
https://utahpolicy.com/,,,,lwebb@utahpolicy.com,,,,,,,66,,
https://www.myjob.mu/,,,,,,,,,,,31,,
https://columbiabusinessreport.com/,,,,gjohnson@scbiznews.com,,,,,,,41,,
https://www.everettpost.com/,,,,everettpostnews@krko.com,,,,,,,34,,
https://whatsoninvers.nz/,,,,Robbie robbie@invers.nz,,,,,,,26,,
https://www.constructionnews.co.uk/,,,,carl.dzedins@emap.com,,,,,,,63,,
https://www.wishtv.com/,,,,advertise@wishtv.com,,,,,,,74,,
https://thebusinessjournal.com/,,,,,,,,,,,56,,
https://www.nevadabusiness.com/,,,,advertising@nevadabusiness.com.,,,,,,,51,,
https://www.stattimes.com/,,,,sukhadaa@statmediagroup.com,,,,,,,48,,
https://www.dailytarheel.com/,,,,advertising@dailytarheel.com,,,,,,,69,,
https://salmonbusiness.com/,,,,47 450 08 115,,,,,,,40,,
https://www.seatrade-maritime.com/,,,,sunny.patel@informa.com,,,,,,,56,,
http://am1050.com/,,,,sales@am1050.com,,,,,,,43,,
news.com,,,,help@whattheythink.com,,,,,,,42,,
https://tbivision.com/,,,,Michael.Callan@informa.com,,,,,,,60,,
djournal.com,,,,advertising.info@journalinc.com,,,,,,,71,,
https://www.caterer.com/,,,,,,,,,,,56,,
https://bestmediainfo.com/,,,,,,,,,,,76,,
https://www.constructionenquirer.com/,,,,aaron.morby@constructionenquirer.com,,,,,,,58,,
http://www.producenews.com/,,,,groh@theproducenews.com,,,,,,,51,,
https://www.businessnews.lk/,,,,nfo@businessstudio.lk,,,,,,,20,,
https://www.efinancialcareers.hk/,,,,,,,,,,,66,,
https://www.fedhealthit.com/,,,,ads@fedhealthit.com,,,,,,,37,,
https://www.wbjournal.com/,,,,mmurray@wbjournal.com,,,,,,,57,,
https://subtelforum.com/,,,,info@subtelforum.com,,,,,,,41,,
https://www.heraldgoa.in/,,,,online@herald-goa.com,,,,,,,54,,
https://campaignme.com/,,,,nadeem@motivate.ae,,,,,,,43,,
https://www.aviationpros.com/,,,,dan@firehouse.com,,,,,,,64,,
https://www.valdostadailytimes.com/,,,,vdt.circulation@gaflnews.com,,,,,,,69,,
http://www.fnbnews.com/,,,,sales@saffronmedia.in,,,,,,,46,,
https://www.altenergymag.com/,,,,sales@altenergymag.com,,,,,,,59,,
https://sasktrucking.com/,,,,info@sasktrucking.com,,,,,,,31,,
https://www.pharmexec.com/,,,,,,,,,,,57,,
https://www.miningglobal.com/,,,,,,,,,,,50,,
https://english.jagran.com/,,,,advt@mmionline.in,,,,,,,78,,
https://www.theactuary.com/,,,,theactuaryjobs@redactive.co.uk,,,,,,,52,,
https://www.cmmonline.com/,,,,micah@issa.com,,,,,,,46,,
https://www.foodbeverageinsider.com/,,,,ioana.neacsu@informa.com,,,,,,,33,,
https://www.pizzamarketplace.com/,,,,,,,,,,,55,,
https://www.indeed.com/,,,,,,,,,,,89,,
https://www.bellmedia.ca/,,,,,,,,,,,61,,
https://nrf.com/,,,,sakellt@nrf.com,,,,,,,78,,
https://usa.visa.com/,,,,,,,,,,,84,,
http://www.nz.com/,,,,,,,,,,,55,,
https://biv.com/,,,,subscribe@biv.com,,,,,,,63,,
https://www.kabbage.com/,,,,partnerships@kabbage.com,,,,,,,62,,
https://www.mintegral.com/,,,,,,,,,,,49,,
https://www.noticebard.com/,,,,janardhan@noticebard.com,,,,,,,29,,
https://parking.uark.edu/,,,,parking@uark.edu,,,,,,,73,,
https://indifoodbev.com/,,,,marketing3@ippgroup.com,,,,,,,15,,
https://fuelsmarketnews.com/,,,,bkaprelian@fmnweb.com,,,,,,,32,,
https://www.metalformingmagazine.com/,,,,bkuvin@pma.org,,,,,,,35,,
https://ispe.org/,,,,,,,,,,,53,,
https://www.industrialautomationindia.in/,,,,,,,,,,,30,,
http://federal.governmentcareer.com.au/,,,,support@careerspot.com.au,,,,,,,25,,
https://industrytoday.com/,,,,spoeton@industrytoday.com,,,,,,,49,,
https://www.builtinla.com/,,,,,,,,,,,54,,
https://recruiter.pharmiweb.jobs/,,,,sales@pharmiweb.com,,,,,,,22,,
https://www.leadsquared.com/,,,,partners@leadsquared.com,,,,,,,46,,
https://www.customercontactweekdigital.com/,,,,info@ccwdigital.com,,,,,,,45,,
https://www.businessballs.com/,,,,,,,,,,,61,,
https://www.jpimedialocal.co.uk/,,,,0330 403 0497,,,,,,,34,,
https://www.truity.com/,,,,help@truity.com,,,,,,,60,,
https://www.updazz.com/,,,,info@iimjobs.com,,,,,,,19,,
https://in.fashionnetwork.com/,,,,,,,,,,,83,,
http://partner.monster.com/,,,,,,,,,,,88,,
https://www.carwash.com/,,,,,,,,,,,48,,
https://www.thepacker.com/,,,,sshuman@thepacker.com,,,,,,,63,,
http://apsfl.in/,,,,care@apsfl.co.in,,,,,,,23,,
https://www.hubspot.com/,,,,tel:+911171279211,,,,,,,92,,
https://edkentmedia.com/,,,,info@edkentmedia.com,,,,,,,40,,
https://marketing.bdaily.co.uk/,,,,marketing@bdaily.co.uk,,,,,,,58,,
https://www.lynnnews.co.uk/,,,,jobs@iliffepublishing.co.uk,,,,,,,55,,
https://themonroesun.com/,,,,themonroesun@gmail.com.,,,,,,,25,,
https://www.estevanmercury.ca/,,,,adsales@estevanmercury.ca,,,,,,,46,,
https://www.marshallindependent.com/,,,,gorear@marshallindependent.com,,,,,,,55,,
https://www.preecevilleprogress.com/,,,,sales.canoracourier@sasktel.net,,,,,,,33,,
https://www.post-journal.com/,,,,dbrunner@post-journal.com,,,,,,,62,,
https://www.prpeak.com/,,,,dot@prpeak.com,,,,,,,43,,
https://www.greater.jobs/,,,,,,,,,,,37,,
https://everythinggp.com/,,,,tel:7805396397,,,,,,,40,,
https://www.jpimedia.co.uk/,,,,,,,,,,,36,,
https://www.mysaline.com/,,,,info@mysaline.com,,,,,,,34,,
https://allwork.space/,,,,editor@allwork.space,,,,,,,54,,
https://recruiters.insidehousing.co.uk/,,,,jobscallback@insidehousing.co.uk,,,,,,,59,,
https://fsae.memberclicks.net/,,,,SueDamon@comcast.net,,,,,,,65,,
https://www.careerpointkenya.co.ke/,,,,,,,,,,,32,,
https://recruiters.timewisejobs.co.uk/,,,,team@timewisejobs.co.uk,,,,,,,41,,
https://www.milkround.com/,,,,,,,,,,,55,,
https://www.ziprecruiter.in/,,,,bizdevrequest@ziprecruiter.com,,,,,,,15,,
https://app.remoteweekly.cc/,,,,,,,,,,,18,,
https://www.operationscrossing.com/,,,,,,,,,,,21,,
https://www.firstpracticemanagement.co.uk/,,,,mail@firstpracticemanagement.co.uk,,,,,,,32,,
https://www.allaboutcareers.com/,,,,mydata@allaboutgroup.org,,,,,,,47,,
https://en.jobs.lu/,,,,info@jobs.lu,,,,,,,39,,
https://www.ethicaljobs.com.au/,,,,info@ethicaljobs.com.au,,,,,,,44,,
https://recruiters.wmjobs.co.uk/,,,,,,,,,,,37,,
https://www.retailchoice.com/,,,,0333 0145 111,,,,,,,39,,
https://www.reed.co.uk/,,,,020 3510 0109,,,,,,,76,,
https://www.jobs.ie/,,,,,,,,,,,54,,
https://recruiters.insurancejobs.co.uk/,,,,sales@insurancejobs.co.uk,,,,,,,34,,
xhttps://www.supplychainonline.co.uk/,,,,info@supplychainonline.co.uk,,,,,,,30,,
https://nodesk.co/,,,,,,,,,,,37,,
https://www.mightyrecruiter.com/,,,,recruiterhelp@mightyrecruiter.com,,,,,,,44,,
https://www.nijobs.com/,,,,,,,,,,,44,,
https://www.timesascent.com/,,,,,,,,,,,45,,
http://recruiter.monsterindia.com/,,,,Midha@Monsterindia.com,,,,,,,58,,
https://business.newsbreak.com/,,,,,,,,,,,61,,
https://recruiters.newscientist.com/,,,,nssales@newscientist.com,,,,,,,92,,
https://www.piworld.com/,,,,magazinecs@napco.com,,,,,,,53,,
https://www.sc.edu/,,,,gunbyk@mailbox.sc.edu,,,,,,,73,,
https://www.linkup.com/,,,,866-359-9360,,,,,,,57,,
https://www.wraltechwire.com/,,,,,,,,,,,70,,
https://www.foodnewsmedia.com/,,,,,,,,,,,72,,
https://reutersevents.com/,,,,emily.domange@thomsonreuters.com,,,,,,,54,,
https://hondanews.com/,,,,,,,,,,,63,,
https://www.rockdalenewtoncitizen.com/,,,,alice.queen@rockdalecitizen.com,,,,,,,60,,
https://www.njawwa.org/,,,,info@njawwa.org,,,,,,,31,,
https://exclusivenews.co.in/,,,,newseditor05@gmail.com,,,,,,,68,,
https://taranakirescue.org.nz/,,,,,,,,,,,20,,
https://www.anaplan.com/,,,,,,,,,,,57,,
https://www.linklaters.com/,,,,,,,,,,,60,,
https://www.africabfsi.com/,,,,,,,,,,,16,,
https://www.digitalanalyticsassociation.org/,,,,matt@accessmarketing.com,,,,,,,44,,
https://my805tix.com/,,,,stephanie@centralcoasteconomicforecast.com,,,,,,,30,,
https://www.disabledperson.com/,,,,info@disabledperson.com,,,,,,,45,,
https://www.businesswire.com/,,,,rbrown@smartops.com,,,,,,,92,,
https://chss.kennesaw.edu/,,,,ctodom@csjournalism.org,,,,,,,69,,
https://www.indiaretailing.com/,,,,anjalisondhi@imagesgroup.in,,,,,,,49,,
https://www.controlsdrivesautomation.com/,,,,cmay@westernbusiness.media,,,,,,,31,,
https://www.insidesport.co/,,,,navinC@aidem.in,,,,,,,47,,
https://empirestartups.com/,,,,,,,,,,,37,,
https://www.abdindia.com/,,,,,,,,,,,30,,
https://apparelresources.com/,,,,91 11 47390000,,,,,,,45,,
https://retail.economictimes.indiatimes.com/,,,,contactus@etretail.com,,,,,,,93,,
https://stripe.com/,,,,info@stripe.com,,,,,,,91,,
https://jilt.com/,,,,,,,,,,,42,,
https://thewholebraingroup.com/,,,,dcampbell@thewholebraingroup.com,,,,,,,45,,
http://businessoflawblog.com/,,,,BLSSsocial@lexisnexis.com,,,,,,,40,,
https://intelligentproduct.solutions/,,,,,,,,,,,33,,
https://blog.crunched.io/,,,,,,,,,,,29,,
https://www.visiolending.com/,,,,Hannah.Lapin@VisioLending.com,,,,,,,38,,
https://www.switchbazaar.com/,,,,,,,,,,,21,,
https://blog.bqool.com/,,,,support@bqool.com,,,,,,,37,,
https://www.cmswire.com/,,,,sales@simplermedia.com,,,,,,,76,,
https://powell-software.com/,,,,,,,,,,,35,,
https://www.woculus.com/,,,,,,,,,,,31,,
https://workalpha.com/,,,,info@workalpha.com,,,,,,,28,,
https://magazine.startus.cc/,,,,susi@startus.cc,,,,,,,51,,
https://generalleadership.com/,,,,,,,,,,,39,,
https://www.thedigitaltransformationpeople.com/,,,,,,,,,,,39,,
https://www.diversitynetwork.org/,,,,members@diversitynetwork.org,,,,,,,41,,
https://careersblog.uts.edu.au/,,,,careersblog@uts.edu.au,,,,,,,73,,
https://untoday.org/,,,,admin@untoday.org,,,,,,,39,,
https://www.chanty.com/,,,,,,,,,,,49,,
https://25yearslatersite.com/,,,,,,,,,,,49,,
https://diversityq.com/,,,,info@bonhillplc.com,,,,,,,37,,
http://www.workinentertainment.com/,,,,,,,,,,,40,,
https://followerofone.org/,,,,,,,,,,,27,,
https://the-happy-manager.com/,,,,info@the-happy-manager.com,,,,,,,42,,
https://wparena.com/,,,,jazib @ wparena.com,,,,,,,66,,
https://www.revechat.com/,,,,,,,,,,,39,,
https://www.cultureandlanguage.net/,,,,,,,,,,,28,,
https://societyforpsychotherapy.org/,,,,editor@societyforpsychotherapy.org,,,,,,,40,,
https://generocity.org/,,,,,,,,,,,49,,
https://neuronline.sfn.org/,,,,,,,,,,,67,,
https://sensiblebusinessmen.com/,,,,hello@prbulls.com,,,,,,,17,,
https://www.futureofeverything.io/,,,,,,,,,,,40,,
https://lnreview.co.uk/,,,,,,,,,,,41,,
https://www.vandelaydesign.com/,,,,,,,,,,,59,,
https://introvertwhisperer.com/,,,,Katie@introvertwhisperer.com,,,,,,,30,,
https://www.bepublishing.com/,,,,authors@bepublishing.com,,,,,,,33,,
http://psychlearningcurve.org/,,,,,,,,,,,40,,
https://everydaypower.com/,,,,,,,,,,,54,,
https://simpleprogrammer.com/,,,,,,,,,,,53,,
https://leanforward.hms.harvard.edu/,,,,diane_thomas@hms.harvard.edu,,,,,,,94,,
https://creately.com/,,,,,,,,,,,74,,
https://ponbee.com/,,,,brian@ponbee.com,,,,,,,56,,
https://bestinau.com.au/,,,,,,,,,,,77,,
https://www.opensourcedworkplace.com/,,,,editorial@opensourcedworkplace.com,,,,,,,31,,
https://embedsocial.com/,,,,katerina@embedsocial.om,,,,,,,43,,
https://www.zeolearn.com/,,,,editor@zeolearn.com,,,,,,,39,,
http://www.trainerhangout.com/,,,,vinil@zaang.org,,,,,,,18,,
https://www.weekly10.com/,,,,contact@weekly10.com,,,,,,,28,,
https://www.murach.com/,,,,murachbooks@murach.com,,,,,,,37,,
https://thewellnesssociety.org/,,,,,,,,,,,35,,
https://blog.teamtreehouse.com/,,,,ryan@carsonified.com,,,,,,,82,,
https://www.pcpci.org/,,,,pcpciinfo@healthinsight.org,,,,,,,32,,
https://www.childcarebizhelp.com/,,,,info@childcarebizhelp.com,,,,,,,20,,
https://admissions.blog/,,,,,,,,,,,29,,
https://federalnewsnetwork.com/,,,,,,,,,,,68,,
https://www.theretailbulletin.com/,,,,patrick.overall@theretailbulletin.com,,,,,,,55,,
https://www.nijobfinder.co.uk/,,,,,,,,,,,39,,
https://www.winchesterstar.com/,,,,citydesk@winchesterstar.com,,,,,,,58,,
https://www.securitymagazine.com/,,,,(248) 362-3700,,,,,,,62,,
https://chainstoreage.com/,,,,GEsposito@chainstoreage.com,,,,,,,72,,
https://ukinvestormagazine.co.uk/,,,,,,,,,,,36,,
https://ohsonline.com/,,,,972-687-6700,,,,,,,60,,
https://www.gonpta.com/,,,,,,,,,,,33,,
https://www.officedepot.com/,,,,1-800-463-3768,,,,,,,76,,
https://telecomreseller.com/,,,,,,,,,,,48,,
https://jobsearch.gov.au/,,,,digitalservices@dese.gov.au,,,,,,,55,,
ypros.com,,,,eServais@acbusinessmedia.com,,,,,,,43,,
https://dribbble.com/,,,,,,,,,,,92,,
https://groupgti.com/,,,,44 (0)1491 826262,,,,,,,40,,
https://cleanfax.com/,,,,,,,,,,,37,,
https://auto.economictimes.indiatimes.com/,,,,contactus@etauto.com,,,,,,,93,,
https://www.naturalhr.com/,,,,,,,,,,,44,,
https://www.cda.org/,,,,sue.gardner@cda.org,,,,,,,56,,
https://fonolive.com/,,,,,,,,,,,36,,
https://www.paycor.com/,,,,,,,,,,,54,,
https://peoplemanagement.haymarketrecruitment.com/,,,,peoplemanagementjobs@haymarket.com,,,,,,,25,,
https://www.rmit.edu.au/,,,,,,,,,,,76,,
https://www.reworked.co/,,,,info@simplermedia.com,,,,,,,37,,
https://citrushr.com/,,,,info@citrushr.com,,,,,,,31,,
https://www.progressivecattle.com/,,,,(208) 324-7513,,,,,,,44,,
https://corporate.indiamart.com/,,,,shankar.surya@indiamart.com,,,,,,,75,,
https://www.nexcess.net/,,,,tel:866-639-2377,,,,,,,61,,
https://www.valamis.com/,,,,media@valamis.com,,,,,,,38,,
https://www.forgov.qld.gov.au/,,,,enquiries@datsip.qld.gov.au,,,,,,,38,,
https://hr.studentlife.uiowa.edu/,,,,hr-studentlife@uiowa.edu,,,,,,,86,,
https://getsling.com/,,,,helgi@getsling.com,,,,,,,38,,
https://www.employment.govt.nz/,,,,media@mbie.govt.nz,,,,,,,56,,
https://www.peninsulagrouplimited.com/,,,,advice@peninsula-uk.com,,,,,,,50,,
https://www.bdbpitmans.com/,,,,44 (0)34 5222 9222,,,,,,,41,,
https://www.business.govt.nz/,,,,,,,,,,,58,,
https://www.workable.com/,,,,,,,,,,,77,,
https://resources.workable.com/,,,,,,,,,,,77,,
https://www.glassdoor.com/,,,,tel:1-888-355-9323,,,,,,,90,,
https://www.smartrecruiters.com/,,,,supportfeedback@smartrecruiters.com,,,,,,,74,,
https://www.enterpriseitworld.com/,,,,sanjib@accentinfomedia.com,,,,,,,30,,
https://gethppy.com/,,,,uskt@gethppy.com,,,,,,,45,,
https://www2.fsrmagazine.com/,,,,Nicole@foodnewsmedia.com,,,,,,,62,,
https://www.humanresourcesonline.net/,,,,carinec@humanresourcesonline.net,,,,,,,55,,
https://www.bls.gov/,,,,tel:12026915700,,,,,,,87,,
https://www.cv-library.co.uk/,,,,,,,,,,,60,,
https://content.wisestep.com/,,,,,,,,,,,63,,
https://www.encompasshealth.com/,,,,,,,,,,,54,,
https://www.southeasttech.edu/,,,,tel:800-247-0789,,,,,,,40,,
https://www.bamboohr.com/,,,,801-724-6600,,,,,,,68,,
https://www.peoplemanagement.co.uk/,,,,websiteenquiry@cipd.co.uk,,,,,,,59,,
https://www.agilebusiness.org/,,,,info@agilebusiness.org,,,,,,,44,,
https://www.atlassian.com/,,,,,,,,,,,84,,
https://whatis.techtarget.com/,,,,,,,,,,,90,,
https://www.wildapricot.com/,,,,wildapricotaffiliates@allinclusivemarketing.com,,,,,,,53,,
https://solarity.com/,,,,info@solarity.com,,,,,,,21,,
https://www.fahr.gov.ae/,,,,,,,,,,,30,,
https://inforum.infor.com/,,,,866-244-5479,,,,,,,68,,
https://www.kingsleynapley.co.uk/,,,,enquiries@kingsleynapley.co.uk,,,,,,,50,,
https://www.lawbite.co.uk/,,,,partners@lawbite.co.uk,,,,,,,35,,
https://www.projectsmart.co.uk/,,,,,,,,,,,56,,
https://www.fragomen.com/,,,,,,,,,,,52,,
https://iasservices.org.uk/,,,,info@iasservices.org.uk,,,,,,,46,,
https://www.gherson.com/,,,,,,,,,,,36,,
https://www.randstadrisesmart.com/,,,,sales@risesmart.com,,,,,,,51,,
https://learn.marsdd.com/,,,,media@marsdd.com,,,,,,,61,,
https://www.consultancy.com.au/,,,,info@consultancy.com.au,,,,,,,33,,
https://latitudelaw.com/,,,,gtracey@latitudelaw.com,,,,,,,30,,
https://migrate-uk.com/,,,,info@migrate-uk.com,,,,,,,26,,
http://www.eiminstitute.org/,,,,,,,,,,,30,,
https://learn.wrike.com/,,,,1 877-779-74-53,,,,,,,70,,
https://www.infotech.com/,,,,1-888-670-8889,,,,,,,51,,
https://www.gov.uk/,,,,,,,,,,,94,,
https://www.scopidea.com/,,,,info@scopidea.com,,,,,,,21,,
https://www.hrmagazine.co.uk/,,,,Edith.barrett@markallengroup.com,,,,,,,63,,
https://www.manns-solutions.com/,,,,enquiries@manns-solutions.com,,,,,,,15,,
https://www.cbw.co.uk/,,,,info@cbw.co.uk,,,,,,,39,,
https://www.freemovement.org.uk/,,,,,,,,,,,55,,
https://www.employmentinnovations.com/,,,,Info@employmentinnovations.com,,,,,,,32,,
https://documentation.its.umich.edu/,,,,4help@umich.edu,,,,,,,93,,
https://smithstonewalters.com/,,,,info.india@smithstonewalters.com,,,,,,,24,,
https://www.sponsor.com/,,,,info@www.sponsor.com,,,,,,,50,,
https://www.cgsinc.com/,,,,1-212-408-3800,,,,,,,48,,
https://www.hg.org/,,,,,,,,,,,64,,
https://immigrationbarrister.co.uk/,,,,info@richmondchambers.com,,,,,,,35,,
https://brodies.com/,,,,,,,,,,,47,,
https://altvia.com/,,,,,,,,,,,23,,
https://ichgcp.net/,,,,contact@ichgcp.net,,,,,,,46,,
https://www.prosci.com/,,,,info_can@prosci.com,,,,,,,53,,
https://www.truthlegal.com/,,,,help@truthlegal.com,,,,,,,32,,
https://citylegalservices.co.uk/,,,,info@citylegalservices.co.uk,,,,,,,21,,
https://www.redfernlegal.com/,,,,info@redfernlegal.com,,,,,,,19,,
https://www.davidsonmorris.com/,,,,,,,,,,,39,,
https://www.complygate.co.uk/,,,,info@complygate.co.uk,,,,,,,15,,
https://workpermit.com/,,,,london@workpermit.com,,,,,,,60,,
https://wuzzuf.net/,,,,,,,,,,,42,,
https://www.startribunecompany.com/,,,,steve.yaeger@startribune.com,,,,,,,41,,
https://www.bit.com.au/,,,,anjackson@nextmedia.com.au,,,,,,,49,,
https://www.cozi.com/,,,,,,,,,,,63,,
https://www.efinancialcareers.com/,,,,,,,,,,,66,,
https://www.chieflearningofficer.com/,,,,kfields@humancapitalmedia.com,,,,,,,58,,
https://www.officer.com/,,,,Tom@Officer.com,,,,,,,65,,
https://www.hearstmediasa.com/,,,,,,,,,,,14,,
https://breezy.hr/,,,,,,,,,,,61,,
https://www.prnewsonline.com/,,,,dbrooks@accessintel.com,,,,,,,61,,
https://redmondmag.com/,,,,dlabianca@1105media.com,,,,,,,68,,
https://contentmarketinginstitute.com/,,,,cmi_info@ubm.com,,,,,,,76,,
https://creativesfeed.com/,,,,talk@deltstl.com,,,,,,,26,,
https://education.hootsuite.com/,,,,@HootsuiteHelp.com,,,,,,,89,,
https://novobrief.com/,,,,info@publicize.co,,,,,,,49,,
https://www.discovercloud.com/,,,,972-722-555-373,,,,,,,36,,
https://www.projectmanagerjobs.co.uk/,,,,sales@technojobs.co.uk,,,,,,,23,,
https://www.docker.com/,,,,,,,,,,,89,,
https://www.themanufacturer.com/,,,,sales-uk@hennikgroup.com,,,,,,,62,,
https://saaslist.com/,,,,contact@saaslist.com.,,,,,,,20,,
https://www.softwareadvice.com/,,,,tel:+1(844)687-6771,,,,,,,67,,
https://geekflare.com/,,,,,,,,,,,46,,
https://en-gb.facebook.com/,,,,,,,,,,,96,,
https://www.creativebloq.com/,,,,michael.pyatt@futurenet.com,,,,,,,87,,
https://digitalagencynetwork.com/,,,,info@danglobal.com,,,,,,,49,,
https://project-management.com/,,,,editor@project-management.com,,,,,,,59,,
https://www.gartner.com/,,,,tel:17035841800,,,,,,,90,,
https://www.kioware.com/,,,,eurosales@kioware.com,,,,,,,42,,
https://www.rigzone.com/,,,,advertise@rigzone.com,,,,,,,72,,
https://www.fleetowner.com/,,,,plovato@endeavorb2b.com,,,,,,,61,,
https://apexassembly.com/,,,,info@apexassembly.com,,,,,,,21,,
https://myedmondsnews.com/,,,,hello@scratchdistillery.com,,,,,,,57,,
https://telecom.economictimes.indiatimes.com/,,,,contactus@ettelecom.com,,,,,,,93,,
https://brandequity.economictimes.indiatimes.com/,,,,contactus@etbrandequity.com,,,,,,,93,,
https://service.prweb.com/,,,,,,,,,,,91,,
https://www.italliance.com/,,,,ita@italliance.com,,,,,,,29,,
https://www.hydrocarbonprocessing.com/,,,,,,,,,,,52,,
https://epc-hub.com/,,,,info@eusacon.com,,,,,,,17,,
https://analytics.ncsu.edu/,,,,919-513-1633,,,,,,,90,,
https://www.copperproject.com/,,,,Partners@copperproject.com,,,,,,,39,,
https://pages.semanticscholar.org/,,,,,,,,,,,81,,
https://www.telecom-sudparis.eu/,,,,33 (0)1 60 76 40 40,,,,,,,52,,
https://insights.ehotelier.com/,,,,,,,,,,,54,,
https://angel.co/,,,,,,,,,,,87,,
https://www.workfront.com/,,,,,,,,,,,64,,
https://www.cimdata.com/,,,,g.litjens@CIMdata.com,,,,,,,43,,
https://brettterpstra.com/,,,,,,,,,,,52,,
https://careers.covance.com/,,,,@covance.com,,,,,,,57,,
https://www.matrixmanagementinstitute.com/,,,,,,,,,,,25,,
https://workep.com/,,,,,,,,,,,39,,
https://www.globalknowledge.com/,,,,resellers@globalknowledge.com,,,,,,,66,,
https://sdm.mit.edu/,,,,sdm-teamproject@mit.edu,,,,,,,93,,
https://www.arraspeople.co.uk/,,,,,,,,,,,45,,
https://www.easyprojects.net/,,,,tel:14169079944,,,,,,,47,,
https://www.iso-ne.com/,,,,bkay@iso-ne.com,,,,,,,54,,
https://www.cvent.com/,,,,,,,,,,,80,,
https://dtw.tmforum.org/,,,,register@tmforum.org,,,,,,,57,,
https://wiki.optimy.com/,,,,14167056140,,,,,,,38,,
https://www.ted.com/,,,,tedx@ted.com,,,,,,,93,,
https://www.pharmtech.com/,,,,SandraLueken@hollister-stier.com,,,,,,,54,,
https://www.cprime.com/,,,,,,,,,,,45,,
https://congrex.com/,,,,info@congrex.com,,,,,,,43,,
https://www.capacitymedia.com/,,,,info@capacitymedia.com,,,,,,,69,,
https://dailyremote.com/,,,,,,,,,,,27,,
https://wptavern.com/,,,,,,,,,,,54,,
http://free-job-descriptions.com/,,,,,,,,,,,22,,
https://www.mscsoftware.com/,,,,info-msc@mscsoftware.com,,,,,,,55,,
https://www.isaca.org/,,,,1-844-472-2246,,,,,,,75,,
https://www.slideserve.com/,,,,,,,,,,,61,,
https://paltc.org/,,,,hr@paltc.org,,,,,,,50,,
https://www.workopolis.com/,,,,,,,,,,,63,,
https://www.shutterstock.com/,,,,,,,,,,,93,,
https://www.jotform.com/,,,,,,,,,,,84,,
https://link.springer.com/,,,,,,,,,,,92,,
https://www.3ds.com/,,,,81 3 4321 3500,,,,,,,77,,
https://blog.iil.com/,,,,learning@iil.com,,,,,,,47,,
https://blog.prosci.com/,,,,info_can@prosci.com,,,,,,,53,,
https://www.silvercloudhr.co.uk/,,,,,,,,,,,17,,
https://apply.surveymonkey.com/,,,,,,,,,,,93,,
https://jobs.smartrecruiters.com/,,,,,,,,,,,74,,
https://www.apache.org/,,,,fundraising@apache.org,,,,,,,93,,
https://back2back.org/,,,,info@back2back.org,,,,,,,41,,
https://regoconsulting.com/,,,,info@regoconsulting.com,,,,,,,23,,
https://www.quickbase.com/,,,,tel:18557252293,,,,,,,63,,
https://thelazyprojectmanager.wordpress.com/,,,,peter.b.taylor@btinternet.com,,,,,,,30,,
https://www.fox34.com/,,,,news@fox34.com,,,,,,,59,,
https://sponsorship.org/,,,,esaoffice@sponsorship.org,,,,,,,43,,
https://www.cadmiumcd.com/,,,,info@cadmiumcd.com,,,,,,,40,,
https://events.grenadine.co/,,,,1 646 780 7906,,,,,,,50,,
https://www.vanharen.net/,,,,info@vanharen.net,,,,,,,41,,
https://uit.stanford.edu/,,,,,,,,,,,93,,
https://medevel.com/,,,,hamza@medevel.com,,,,,,,28,,
https://github.com/,,,,,,,,,,,96,,
https://apmg-international.com/,,,,US-Operations@apmg-international.com,,,,,,,52,,
https://ultraconsultants.com/,,,,,,,,,,,41,,
https://altairuniversity.com/,,,,,,,,,,,41,,
https://www.zoho.com/,,,,support@zohobackstage.com,,,,,,,87,,
https://www.getapp.com/,,,,info@getapp.com,,,,,,,62,,
https://www.villanovau.com/,,,,info@villanovau.com,,,,,,,53,,
https://www.amazon.com/,,,,,,,,,,,96,,
https://www.hellosponsor.com/,,,,info@hellosponsor.com,,,,,,,25,,
https://onlinepmcourses.com/,,,,,,,,,,,33,,
https://www.donor.com/,,,,info@donor.com,,,,,,,23,,
https://www.socialtables.com/,,,,support@socialtables.com,,,,,,,53,,
https://www3.technologyevaluation.com/,,,,,,,,,,,49,,
https://www.projectmanager.com/,,,,,,,,,,,56,,
https://www.wrike.com/,,,,,,,,,,,70,,
https://www.24-7pressrelease.com/,,,,1 888-880-9539,,,,,,,63,,
https://www.cabinetm.com/,,,,eross@cabinetm.com,,,,,,,39,,
https://www.optimy.com/,,,,14167056140,,,,,,,38,,
https://www.gristprojectmanagement.us/,,,,info@gristprojectmanagement.us,,,,,,,14,,
https://corasystems.com/,,,,info@corasystems.com,,,,,,,29,,
https://www.macstories.net/,,,,team@macstories.net,,,,,,,80,,
https://www.praxisframework.org/,,,,,,,,,,,30,,
https://meisterplan.com/,,,,sales@meisterplan.com,,,,,,,33,,
https://www.henricodolfing.com/,,,,henrico.dolfing@data-solutions.ch,,,,,,,25,,
https://www.mpug.com/,,,,info@mpug.com,,,,,,,42,,
https://www.enr.com/,,,,ENR.com@bnpmedia.com,,,,,,,64,,
https://stockhouse.com/,,,,submissions@stockhouse.com,,,,,,,82,,
https://directlauncher.com/,,,,,,,,,,,34,,
https://www.ipe.com/,,,,ben.pritchett-brown@ipe.com,,,,,,,61,,
https://www.morningstar.com/,,,,media@technavio.com,,,,,,,86,,
https://www.proactis.com/,,,,tel:+1 757 766 8211,,,,,,,44,,
https://www.validity.com/,,,,sales@validity.com,,,,,,,59,,
https://www.adobe.com/,,,,,,,,,,,98,,
https://www.industrialinfo.com/,,,,customerservice@industrialinfo.com,,,,,,,45,,
https://www.kinematik.com/,,,,,,,,,,,21,,
https://www.logisticsit.com/,,,,,,,,,,,43,,
https://www.salesleadmgmtassn.com/,,,,,,,,,,,36,,
https://www.atmia.com/,,,,dana.benson@atmia.com,,,,,,,52,,
https://www.sehinc.com/,,,,,,,,,,,42,,
https://blog.hubilo.com/,,,,sales@hubilo.com,,,,,,,38,,
https://assets.publishing.service.gov.uk/,,,,occupation.information@ons.gov.uk,,,,,,,86,,
https://immi.homeaffairs.gov.au/,,,,,,,,,,,77,,
https://agentismanagement.com/,,,,info@agentismanagement.com,,,,,,,16,,
https://www.clinicalleader.com/,,,,(724) 940-7555,,,,,,,48,,
https://thedigitalprojectmanager.com/,,,,,,,,,,,48,,
https://mattgemmell.com/,,,,,,,,,,,59,,
kioware.com,,,,,,,,,,,42,,
https://usgbc.cventevents.com/,,,,sponsorship@usgbc.org.,,,,,,,38,,
https://conferences.shrm.org/,,,,prodev@shrm.org,,,,,,,76,,
https://pmineo.org/,,,,webmaster@pmineo.org,,,,,,,26,,
https://www.computerweekly.com/,,,,,,,,,,,83,,
https://www.sagitec.com/,,,,info@sagitec.com,,,,,,,29,,
https://www.wpi.edu/,,,,rundenst@wpi.edu,,,,,,,75,,
https://starwest.techwell.com/,,,,202-558-6885,,,,,,,51,,
https://galvestonsownfarmersmarket.com/,,,,casey@gofarmersmarket.com,,,,,,,31,,
https://www.smallpeice.com/,,,,train@smallpeice.co.uk,,,,,,,20,,
https://jobs.iqvia.com/,,,,,,,,,,,70,,
https://www.archimetric.com/,,,,,,,,,,,18,,
https://www.construction-institute.org/,,,,,,,,,,,45,,
https://mymanagementguide.com/,,,,,,,,,,,34,,
https://www.businesstimes.com.sg/,,,,btuserfeedback@sph.com.sg,,,,,,,79,,
https://developer.nationwide.com/,,,,,,,,,,,69,,
https://www.printingnews.com/,,,,jnoonan@printing.org,,,,,,,42,,
https://www.sdmmag.com/,,,,(248) 362-3700,,,,,,,49,,
https://www.prosoundweb.com/,,,,customerservice@ehpub.com,,,,,,,57,,
https://www.bignewsnetwork.com/,,,,,,,,,,,67,,
https://www.itprotoday.com/,,,,(913) 967-1719,,,,,,,80,,
https://thinkrealty.com/,,,,,,,,,,,43,,
https://virtual-strategy.com/,,,,vthread@virtual-strategy.com,,,,,,,63,,
https://prnewsleader.com/,,,,rohit@tmrresearch.com,,,,,,,25,,
https://www.brightpod.com/,,,,editor.writetodone@gmail.com,,,,,,,39,,
https://seo-hacker.com/,,,,tribe@seo-hacker.net,,,,,,,51,,
https://blog.issart.com/,,,,crm@issart.com,,,,,,,36,,
https://beanstalkwebsolutions.com/,,,,info@beanstalkwebsolutions.com,,,,,,,33,,
https://couplemoney.com/,,,,elle@couplemoney.com,,,,,,,49,,
https://www.hiringthing.com/,,,,marketing@hiringthing.com,,,,,,,47,,
https://writershelpingwriters.net/,,,,,,,,,,,47,,
https://aquilacommercial.com/,,,,,,,,,,,34,,
https://neatly.io/,,,,hello@neatly.io,,,,,,,37,,
https://www.ictworks.org/,,,,wayan@wayan.com,,,,,,,53,,
https://www.bigapplemedia.com/,,,,info@bigapplemedia.com,,,,,,,29,,
https://www.uniwebb.com/,,,,articles@uniwebb.com,,,,,,,21,,
https://blog.ganttpro.com/,,,,,,,,,,,44,,
https://ipadinsight.com/,,,,,,,,,,,55,,
https://www.actitime.com/,,,,guest.post@actitime.com,,,,,,,47,,
https://www.foundersbeta.com/,,,,,,,,,,,30,,
https://www.rogeriodasilva.com/,,,,,,,,,,,23,,
https://www.cloudsecuretech.com/,,,,,,,,,,,22,,
https://www.verblio.com/,,,,,,,,,,,49,,
https://newspapers.ushmm.org/,,,,historyunfolded@ushmm.org,,,,,,,86,,
https://bloomingtonin.citymomsblog.com/,,,,info@bloomingtonINmomsblog.com,,,,,,,63,,
https://serpstat.com/,,,,stacy@serpstat.com,,,,,,,54,,
https://www.fairwaydivorce.com/,,,,,,,,,,,37,,
https://www.ismartrecruit.com/,,,,marketing@ismartrecruit.com,,,,,,,33,,
https://marquimanagement.com/,,,,info@marquimanagement.com,,,,,,,40,,
http://blog.maestroconference.com/,,,,,,,,,,,49,,
https://quoracreative.com/,,,,info@quoracreative.com,,,,,,,41,,
paldesk.com,,,,,,,,,,,33,,
https://divvyhq.com/,,,,,,,,,,,48,,
https://smartyads.com/,,,,,,,,,,,52,,
https://expresswriters.com/,,,,,,,,,,,53,,
https://www.springernature.com/,,,,thea.sherer@springernature.com,,,,,,,67,,
https://technode.com/,,,,lixin@technode.com,,,,,,,84,,
https://www.tristarsavannah.com/,,,,matt@tristarsavannah.com,,,,,,,21,,
https://www.proprofsdesk.com/,,,,editor@proprofs.com,,,,,,,22,,
https://magnetoitsolutions.com/,,,,magnetoitsolutionsind@gmail.com,,,,,,,40,,
https://seomator.com/,,,,,,,,,,,37,,
https://www.andcards.com/,,,,blog@andcards.com,,,,,,,34,,
https://www.freeconferencecall.com/,,,,guestblog@freeconferencecall.com,,,,,,,61,,
https://www.birdsofafeatherpress.com/,,,,,,,,,,,32,,
https://50wheel.com/,,,,,,,,,,,30,,
https://rattlenhumbarnyc.com/,,,,rattlenhumbarnyc@gmail.com,,,,,,,50,,
https://thestartingidea.com/,,,,,,,,,,,19,,
https://sparkbay.com/,,,,hey@sparkbay.com,,,,,,,32,,
https://www.pontikis.net/,,,,,,,,,,,41,,
https://www.liquor.com/,,,,sales@liquor.com,,,,,,,79,,
https://themindfulmdmom.com/,,,,hello@themindfulmdmom.com,,,,,,,25,,
https://www.unite.ai/,,,,,,,,,,,41,,
https://celebmix.com/,,,,,,,,,,,69,,
https://swat.io/,,,,,,,,,,,40,,
https://www.swordandthescript.com/,,,,,,,,,,,43,,
https://adventureforlessblog.com/,,,,kelly@adventureforlessblog . com,,,,,,,29,,
https://www.vtcrc.com/,,,,jenna.davis@vtcrc.com,,,,,,,38,,
https://clippingpathindia.com/,,,,editor@clippingpathindia.com,,,,,,,43,,
https://meldcoworking.com/,,,,hello@meldcoworking.com,,,,,,,26,,
https://www.nostomachforcancer.org/,,,,blog@nostomachforcancer.org,,,,,,,49,,
https://leavingworkbehind.com/,,,,,,,,,,,45,,
https://angelsbailbonds.com/,,,,,,,,,,,23,,
https://management30.com/,,,,,,,,,,,46,,
https://www.livingrefugeearchive.org/,,,,submissions@livingrefugeearchive.org,,,,,,,23,,
https://www.a3logics.com/,,,,marketing@a3logics.in,,,,,,,30,,
https://nebigdatahub.org/,,,,ken2115@columbia.edu,,,,,,,36,,
https://www.bostonmedicalgroup.com/,,,,,,,,,,,41,,
https://theboxzone.com/,,,,,,,,,,,23,,
https://userbrain.net/,,,,guestpost@userbrain.net,,,,,,,45,,
https://motivationgrid.com/,,,,guestpost@motivationgrid.com,,,,,,,52,,
https://www.sitepoint.com/,,,,,,,,,,,87,,
https://ivannovation.com/,,,,,,,,,,,25,,
http://www.fulfillmentdaily.com/,,,,fulfillmentdaily@gmail.com,,,,,,,46,,
https://www.folkrebellion.com/,,,,dispatch@folkrebellion.com,,,,,,,36,,
https://www.best10resumewriters.com/,,,,,,,,,,,23,,
https://corporatecareergirl.com/,,,,,,,,,,,20,,
https://www.attorneyatwork.com/,,,,editor@attorneyatwork.com,,,,,,,50,,
https://highlysensitiverefuge.com/,,,,submissions@highlysensitiverefuge.com,,,,,,,40,,
https://www.goalcast.com/,,,,write@goalcast.com,,,,,,,60,,
http://www.renewableenergyfocus.com/,,,,press_releases@renewableenergyfocus.com,,,,,,,54,,
https://realpython.com/,,,,,,,,,,,55,,
https://workbloom.com/,,,,contact@workbloom.com,,,,,,,41,,
https://thriveglobal.com/,,,,communityhelp@thriveglobal.com,,,,,,,80,,
https://contributors.dissolve.com/,,,,,,,,,,,56,,
https://www.agefotostock.com/become-a-contributor/,,,,photodepartment@agefotostock.com,,,,,,,58,,
https://www.clippn.com/,,,,,,,,,,,20,,
https://www.vunela.com/,,,,,,,,,,,38,,
https://www.lanewaymagazine.com.au/,,,,info@lanewaymagazine.com.au,,,,,,,22,,
https://www.productionhub.com/,,,,blog@productionhub.com,,,,,,,55,,
https://www.boisestate.edu/,,,,studentlife@boisestate.edu,,,,,,,73,,
https://www.engineering.com/,,,,,,,,,,,75,,
https://nextstepsinderm.com/,,,,,,,,,,,21,,
https://photographingspace.com/,,,,info@photographingspace.com,,,,,,,43,,
https://italicsmag.com/,,,,editorial@italicsmag.com,,,,,,,36,,
https://www.vault.com/,,,,,,,,,,,65,,
https://timemanagementninja.com/,,,,,,,,,,,58,,
https://www.easyautomatedsales.com/,,,,guest@easyautomatedsales.com,,,,,,,29,,
https://www.tckpublishing.com/,,,,,,,,,,,51,,
https://www.greenbuildermedia.com/,,,,,,,,,,,45,,
https://ethicalocean.com/,,,,diana@ethicalocean.com,,,,,,,42,,
https://ranktoday.com/,,,,outreach@ranktoday.com,,,,,,,40,,
http://www.lovinglittles.com/,,,,lovinglittlesusa@gmail.com,,,,,,,26,,
https://churchofcustomer.com/,,,,adina@churchofcustomer.com,,,,,,,42,,
https://blog.namely.com/,,,,hrforhumans@namely.com,,,,,,,54,,
http://marinesciencetoday.com/,,,,info@marinesciencetoday.com,,,,,,,51,,
https://neshco.org/,,,,admin@neshco.org,,,,,,,29,,
https://www.lessismoremedicine.com/,,,,lessismoremedicine@gmail.com,,,,,,,33,,
